{
    "vertices": [
        1.0,
        0.5,
        1.0,
        1.0,
        1.0,
        0.5,
        0.5,
        1.0,
        1.0,
        0.5,
        1.0,
        1.0,
        1.0,
        1.0,
        1.5,
        1.0,
        0.5,
        1.0,
        1.0,
        1.0,
        0.5,
        1.0,
        1.5,
        1.0,
        0.5,
        1.0,
        1.0,
        0.5,
        1.0,
        1.0,
        1.0,
        1.5,
        1.0,
        1.0,
        1.0,
        1.5,
        1.5,
        1.0,
        1.0,
        1.0,
        1.0,
        0.5,
        1.0,
        0.5,
        1.0,
        1.0,
        1.0,
        1.5,
        1.5,
        1.0,
        1.0,
        1.0,
        0.5,
        1.0,
        1.5,
        1.0,
        1.0,
        1.0,
        1.5,
        1.0,
        1.0,
        1.0,
        0.5,
        1.0,
        1.5,
        1.0,
        1.5,
        1.0,
        1.0,
        1.0,
        1.0,
        1.5
    ],
    "normals": [
        0.0,
        -1.0,
        0.0,
        0.0,
        0.0,
        -1.0,
        -0.8944271802902222,
        0.4472135901451111,
        0.0,
        -0.8944271802902222,
        0.4472135901451111,
        0.0,
        0.0,
        0.0,
        1.0,
        0.0,
        -1.0,
        0.0,
        0.0,
        0.0,
        -1.0,
        0.0,
        1.0,
        0.0,
        -0.8944271802902222,
        0.4472135901451111,
        0.0,
        -0.8944271802902222,
        0.4472135901451111,
        0.0,
        0.0,
        1.0,
        0.0,
        0.0,
        0.0,
        1.0,
        0.8944271802902222,
        0.4472135901451111,
        0.0,
        0.0,
        0.0,
        -1.0,
        0.0,
        -1.0,
        0.0,
        0.0,
        0.0,
        1.0,
        0.8944271802902222,
        0.4472135901451111,
        0.0,
        0.0,
        -1.0,
        0.0,
        0.8944271802902222,
        0.4472135901451111,
        0.0,
        0.0,
        1.0,
        0.0,
        0.0,
        0.0,
        -1.0,
        0.0,
        1.0,
        0.0,
        0.8944271802902222,
        0.4472135901451111,
        0.0,
        0.0,
        0.0,
        1.0
    ],
    "center": [
        1,
        1,
        1
    ],
    "radius": 1.5
}